{
 "error_scaling": {
  "Monte Carlo": {
   "queries": [
    250.0,
    1000.0,
    4000.0,
    16000.0,
    64000.0,
    256000.0
   ],
   "rms": [
    0.3790533456768059,
    0.16018814896704522,
    0.059172589471695854,
    0.02785541581787622,
    0.012978040701084407,
    0.004965983297075421
   ],
   "slope": -0.6176389761270132
  },
  "our QSVT": {
   "queries": [
    40.0,
    220.0,
    220.0,
    1340.0,
    3060.0
   ],
   "rms": [
    0.8402323615163364,
    0.1253124493280191,
    0.12559582994954413,
    0.029603808219409628,
    0.030107661521802324
   ],
   "slope": -0.782216884544116
  },
  "Greek SOTA oracle-QAE": {
   "queries": [
    40.0,
    140.0,
    560.0,
    1160.0,
    2740.0
   ],
   "rms": [
    1.1167634479290687,
    0.8067150487112311,
    0.28572869084531044,
    0.3003799574182779,
    0.2079449325797756
   ],
   "slope": -0.4205880367339405
  },
  "Greek SOTA (rescaling 0.10, tuned)": {
   "queries": [
    133.33333333333334,
    100.0,
    666.6666666666666,
    1600.0,
    1566.6666666666667
   ],
   "rms": [
    1.1796777921060333,
    1.333835428127616,
    0.33645609512898433,
    0.106222703798348,
    0.106712627833975
   ],
   "slope": -0.9221192204519348
  }
 },
 "shots_convergence": {
  "floor": 0.009217083693997541,
  "exact": 2.775165682363099,
  "statevector_price": 2.7843827660570963,
  "direct": {
   "shots": [
    32,
    64,
    128,
    256,
    512,
    1024,
    2048,
    4096,
    8192
   ],
   "rms": [
    1.4037724670121812,
    0.8776963025534736,
    0.7529913079334093,
    0.46876824822397206,
    0.3696164313083568,
    0.324867932036586,
    0.18940239839388417,
    0.14052505576398394,
    0.0822395647881537
   ],
   "seeds": 16
  },
  "iae": {
   "shots": [
    64,
    256,
    1024,
    4096
   ],
   "rms": [
    0.01801131994106613,
    0.008931812459415924,
    0.021015565941420365,
    0.012340245106938909
   ],
   "queries": [
    2016.0,
    4800.0,
    5120.0,
    54272.0
   ],
   "seeds": 4
  }
 },
 "value": {
  "tree_exact": 2.775165682363099,
  "mc": 2.789277880239997,
  "mc_stderr": 0.019998942327327077,
  "qsvt": 2.7843827660570963,
  "greek_price": 2.5818053046147633,
  "greek_target": 2.405259686940304
 },
 "qubit_scaling": {
  "M": [
   2,
   3,
   4,
   5,
   6,
   7,
   8,
   9,
   10,
   11,
   12
  ],
  "qubits": [
   3,
   4,
   5,
   6,
   7,
   8,
   9,
   10,
   11,
   12,
   13
  ],
  "formula": "M+1",
  "degree_sweep": {
   "M": 6,
   "degrees": [
    20,
    40,
    60,
    100,
    160
   ],
   "qubits": [
    7,
    7,
    7,
    7,
    7
   ]
  }
 },
 "qsvt_resources": {
  "M": [
   2,
   3,
   4,
   5,
   6,
   7,
   8,
   9
  ],
  "qubits": [
   3,
   4,
   5,
   6,
   7,
   8,
   9,
   10
  ],
  "cz": [
   1080,
   3000,
   6840,
   14520,
   29880,
   60600,
   122040,
   244920
  ],
  "r": [
   2764,
   7565,
   17166,
   36367,
   74768,
   151569,
   305170,
   612371
  ],
  "depth": [
   2882,
   7442,
   16742,
   35642,
   73742,
   150242,
   303542,
   610442
  ],
  "n_oracle_calls": 60,
  "log2_cz_slope_per_qubit": 1.0951199346995646
 }
}