{
 "Monte Carlo": {
  "queries": [
   250,
   1000,
   4000,
   16000,
   64000,
   256000
  ],
  "rms": [
   0.33543438025639244,
   0.16440709368536102,
   0.05028614166304674,
   0.014373849158125973,
   0.00644940152491041,
   0.005713067483621169
  ]
 },
 "our QNDM-QAE": {
  "queries": [
   133.33333333333334,
   200.0,
   200.0,
   1200.0,
   1100.0
  ],
  "rms": [
   0.17520667051973765,
   0.07586899278247664,
   0.07586055849906913,
   0.015549005890887996,
   0.017574725493335993
  ]
 },
 "our QSVT": {
  "queries": [
   66.66666666666667,
   200.0,
   200.0,
   1333.3333333333333,
   2666.6666666666665
  ],
  "rms": [
   0.23162903328891324,
   0.10135842029244896,
   0.10127342946116118,
   0.020046980279247253,
   0.020959707923556906
  ]
 },
 "Greek SOTA oracle-QAE": {
  "queries": [
   33.333333333333336,
   166.66666666666666,
   500.0,
   1000.0,
   2733.3333333333335
  ],
  "rms": [
   1.1506061760531763,
   0.3610858460960603,
   0.22033247859228033,
   0.24531073977878903,
   0.20329506111972892
  ]
 }
}