{
 "Monte Carlo": {
  "queries": [
   250,
   1000,
   4000,
   16000,
   64000,
   256000
  ],
  "rms": [
   0.3790533456768059,
   0.16018814896704522,
   0.059172589471695854,
   0.02785541581787622,
   0.012978040701084407,
   0.004965983297075421
  ]
 },
 "our QNDM-QAE": {
  "queries": [
   100.0,
   180.0,
   340.0,
   1280.0,
   1840.0
  ],
  "rms": [
   0.4573753762356347,
   0.15471036675546693,
   0.08667068109812481,
   0.017212935726948545,
   0.018345745131787914
  ]
 },
 "our QSVT": {
  "queries": [
   40.0,
   220.0,
   220.0,
   1340.0,
   3060.0
  ],
  "rms": [
   0.8402323615163364,
   0.1253124493280191,
   0.12559582994954413,
   0.029603808219409628,
   0.030107661521802324
  ]
 },
 "Greek SOTA oracle-QAE": {
  "queries": [
   40.0,
   140.0,
   560.0,
   1160.0,
   2740.0
  ],
  "rms": [
   1.1167634479290687,
   0.8067150487112311,
   0.28572869084531044,
   0.3003799574182779,
   0.2079449325797756
  ]
 }
}